feature_set,model,model_title,feature,label,coefficient
original,linear,Линейная,age,Возраст,3614.9754148279994
original,linear,Линейная,bmi,Индекс массы тела,2036.2281228967186
original,linear,Линейная,children,Количество детей,516.890247199151
original,linear,Линейная,sex_male,Пол: мужчина,-9.293101074402598
original,linear,Линейная,smoker_yes,Курит,9558.481408916745
original,linear,Линейная,region_northwest,Регион: northwest,-158.14098121115305
original,linear,Линейная,region_southeast,Регион: southeast,-290.15704747206274
original,linear,Линейная,region_southwest,Регион: southwest,-349.11067820886035
original,ridge,Гребневая,age,Возраст,3607.6557023736
original,ridge,Гребневая,bmi,Индекс массы тела,2032.4570483164857
original,ridge,Гребневая,children,Количество детей,516.6295621879733
original,ridge,Гребневая,sex_male,Пол: мужчина,-7.925559803805286
original,ridge,Гребневая,smoker_yes,Курит,9539.873315568255
original,ridge,Гребневая,region_northwest,Регион: northwest,-157.11874731972242
original,ridge,Гребневая,region_southeast,Регион: southeast,-286.90461077005335
original,ridge,Гребневая,region_southwest,Регион: southwest,-347.41590141593315
original,lasso,Лассо,age,Возраст,3524.7299607635655
original,lasso,Лассо,bmi,Индекс массы тела,1886.0534885998081
original,lasso,Лассо,children,Количество детей,420.70622154277254
original,lasso,Лассо,sex_male,Пол: мужчина,0.0
original,lasso,Лассо,smoker_yes,Курит,9447.87392018722
original,lasso,Лассо,region_northwest,Регион: northwest,0.0
original,lasso,Лассо,region_southeast,Регион: southeast,-6.28265967511649
original,lasso,Лассо,region_southwest,Регион: southwest,-96.39986338445203
