feature,feature_ru,model_title,coefficient
PC1,PC1,Линейная,3636.7783200439794
PC2,PC2,Линейная,-36.02568177087369
PC3,PC3,Линейная,647.4132088412747
PC4,PC4,Линейная,3915.019744321356
PC5,PC5,Линейная,-696.711150251434
PC6,PC6,Линейная,-2884.2008452476216
PC7,PC7,Линейная,23225.65748989238
PC1,PC1,Гребневая,3636.417369819759
PC2,PC2,Гребневая,-36.02166115068094
PC3,PC3,Гребневая,647.3296535509783
PC4,PC4,Гребневая,3913.283265715696
PC5,PC5,Гребневая,-696.3944864259596
PC6,PC6,Гребневая,-2882.806892923178
PC7,PC7,Гребневая,23209.17151028563
PC1,PC1,Лассо,3623.961212654173
PC2,PC2,Лассо,-21.612968597793767
PC3,PC3,Лассо,630.7459230946071
PC4,PC4,Лассо,3857.721068968643
PC5,PC5,Лассо,-637.9947312822094
PC6,PC6,Лассо,-2821.762871708345
PC7,PC7,Лассо,23133.935904853755
