,age,bmi,children,sex_male,smoker_yes,region_northwest,region_southeast,region_southwest,charges
age,1.0,0.10927188154853522,0.04246899855884943,-0.02085587218286334,-0.025018751536285043,-0.00040742337327850643,-0.011641940617229101,0.010016234211405512,0.29900819333064793
bmi,0.10927188154853522,1.0,0.012758900820673774,0.04637115064629456,0.003750425904980397,-0.13599552371133042,0.2700246490284672,-0.0062051830193433685,0.1983409688336291
children,0.04246899855884943,0.012758900820673774,1.0,0.01716297774875731,0.0076731203077111025,0.024806129311947263,-0.023065748005750702,0.021913576170687493,0.06799822684790476
sex_male,-0.02085587218286334,0.04637115064629456,0.01716297774875731,1.0,0.07618481692109509,-0.011155728009853885,0.017116875189056614,-0.00418404931896904,0.05729206220202543
smoker_yes,-0.025018751536285043,0.003750425904980397,0.0076731203077111025,0.07618481692109509,1.0,-0.036945474017607366,0.06849841031175374,-0.03694547401760736,0.7872514304984763
region_northwest,-0.00040742337327850643,-0.13599552371133042,0.024806129311947263,-0.011155728009853885,-0.036945474017607366,1.0,-0.3462646614073313,-0.3208292201382036,-0.039904864040437985
region_southeast,-0.011641940617229101,0.2700246490284672,-0.023065748005750702,0.017116875189056614,0.06849841031175374,-0.3462646614073313,1.0,-0.3462646614073314,0.07398155156575986
region_southwest,0.010016234211405512,-0.0062051830193433685,0.021913576170687493,-0.00418404931896904,-0.03694547401760736,-0.3208292201382036,-0.3462646614073314,1.0,-0.043210028991684725
charges,0.29900819333064793,0.1983409688336291,0.06799822684790476,0.05729206220202543,0.7872514304984763,-0.039904864040437985,0.07398155156575986,-0.043210028991684725,1.0
