,count,mean,std,min,25%,50%,75%,max
age,1338.0,39.20702541106129,14.049960379216154,18.0,27.0,39.0,51.0,64.0
bmi,1338.0,30.66339686098655,6.098186911679014,15.96,26.29625,30.4,34.69375,53.13
children,1338.0,1.0949177877429,1.205492739781914,0.0,0.0,1.0,2.0,5.0
sex_male,1338.0,0.5052316890881914,0.500159569284377,0.0,0.0,1.0,1.0,1.0
smoker_yes,1338.0,0.20478325859491778,0.4036940375456173,0.0,0.0,0.0,0.0,1.0
region_northwest,1338.0,0.2428998505231689,0.4289954073428922,0.0,0.0,0.0,0.0,1.0
region_southeast,1338.0,0.27204783258594917,0.44518078394675614,0.0,0.0,0.0,1.0,1.0
region_southwest,1338.0,0.2428998505231689,0.4289954073428922,0.0,0.0,0.0,0.0,1.0
charges,1338.0,13270.422265141257,12110.011236694001,1121.8739,4740.28715,9382.033,16639.912515,63770.42801
